,title,subTitle,url,distance,adress,postalCode,city,price
0,Pédale de piano,Pédale de piano,https://fr.zilok.com/location/372589-pedale-de-piano.html?l=307090,1.87,69006Lyon,69006,Lyon,2.5
1,Piano,Clavier numérique,https://fr.zilok.com/location/396637-piano.html?l=307090,1.87,69006Lyon,69006,Lyon,6.25
2,Nord electro 3 seventy-three,"Clavier Nord Electro 3,73 touches",https://fr.zilok.com/location/411130-nord-electro-3-seventy-three.html?l=378436,2.43,69009Lyon,69009,Lyon,31.25
3,Piano yamaha clavinova,Piano Yamaha Clavinova,https://fr.zilok.com/location/411741-piano-yamaha-clavinova.html?l=379584,2.43,69009Lyon,69009,Lyon,12.5
4,Piano yamaha p95   ,Piano Yamaha P95 + support + pédale + pupitre + casque audio,https://fr.zilok.com/location/391125-piano-yamaha-p95.html?l=407769,2.52,69009Lyon,69009,Lyon,37.5
5,Piano yamaha p35b,Piano Yamaha P35B,https://fr.zilok.com/location/363858-piano-yamaha-p35b.html?l=315851,2.94,69007Lyon,69007,Lyon,62.5
6,Fender rhodes - clavier,instrument vintage,https://fr.zilok.com/location/372909-fender-rhodes-clavier.html?l=295829,3.38,69008Lyon,69008,Lyon,187.5
7,Clavia nord electro 5d 61,Clavia Nord Electro 5D 61,https://fr.zilok.com/location/423766-clavia-nord-electro-5d-61.html?l=398811,3.84,69008Lyon,69008,Lyon,62.5
8,Clavier arrangeur roland exr-3s,61 touches,https://fr.zilok.com/location/385174-clavier-arrangeur-roland-exr-3s.html?l=342560,6.43,69600Oullins,69600,Oullins,31.25
9,Synthétiser korg ms-20,Analogique,https://fr.zilok.com/location/377791-synthetiser-korg-ms-20.html?l=334927,1.39,69004Lyon,69004,Lyon,18.75
